,date,high,low,open,close,volume,adjclose
0,2018-03-20,176.7899932861328,175.1999969482422,175.24000549316406,176.22999572753906,4990233.0,176.22999572753906
1,2018-03-19,177.47000122070312,173.66000366210938,177.32000732421875,175.3000030517578,32855800.0,175.3000030517578
2,2018-03-16,179.1199951171875,177.6199951171875,178.64999389648438,178.02000427246094,39404700.0,178.02000427246094
3,2018-03-15,180.24000549316406,178.07000732421875,178.5,178.64999389648438,22743800.0,178.64999389648438
4,2018-03-14,180.52000427246094,177.80999755859375,180.32000732421875,178.44000244140625,29368400.0,178.44000244140625
5,2018-03-13,183.5,179.24000549316406,182.58999633789062,179.97000122070312,31693500.0,179.97000122070312
6,2018-03-12,182.38999938964844,180.2100067138672,180.2899932861328,181.72000122070312,32207100.0,181.72000122070312
7,2018-03-09,180.0,177.38999938964844,177.9600067138672,179.97999572753906,32185200.0,179.97999572753906
8,2018-03-08,177.1199951171875,175.07000732421875,175.47999572753906,176.94000244140625,23774100.0,176.94000244140625
9,2018-03-07,175.85000610351562,174.27000427246094,174.94000244140625,175.02999877929688,31703500.0,175.02999877929688
10,2018-03-06,178.25,176.1300048828125,177.91000366210938,176.6699981689453,23788500.0,176.6699981689453
11,2018-03-05,177.74000549316406,174.52000427246094,175.2100067138672,176.82000732421875,28401400.0,176.82000732421875
12,2018-03-02,176.3000030517578,172.4499969482422,172.8000030517578,176.2100067138672,38454000.0,176.2100067138672
13,2018-03-01,179.77999877929688,172.66000366210938,178.5399932861328,175.0,48802000.0,175.0
14,2018-02-28,180.6199951171875,178.0500030517578,179.25999450683594,178.1199951171875,37782100.0,178.1199951171875
15,2018-02-27,180.47999572753906,178.16000366210938,179.10000610351562,178.38999938964844,38928100.0,178.38999938964844
16,2018-02-26,179.38999938964844,176.2100067138672,176.35000610351562,178.97000122070312,38162200.0,178.97000122070312
17,2018-02-23,175.64999389648438,173.5399932861328,173.6699981689453,175.5,33812400.0,175.5
18,2018-02-22,173.9499969482422,171.7100067138672,171.8000030517578,172.5,30991900.0,172.5
19,2018-02-21,174.1199951171875,171.00999450683594,172.8300018310547,171.07000732421875,37471600.0,171.07000732421875
20,2018-02-20,174.25999450683594,171.4199981689453,172.0500030517578,171.85000610351562,33930500.0,171.85000610351562
21,2018-02-16,174.82000732421875,171.77000427246094,172.36000061035156,172.42999267578125,40176100.0,172.42999267578125
22,2018-02-15,173.08999633789062,169.0,169.7899932861328,172.99000549316406,51147200.0,172.99000549316406
23,2018-02-14,167.5399932861328,162.8800048828125,163.0399932861328,167.3699951171875,40644900.0,167.3699951171875
24,2018-02-13,164.75,161.64999389648438,161.9499969482422,164.33999633789062,32549200.0,164.33999633789062
25,2018-02-12,163.88999938964844,157.50999450683594,158.5,162.7100067138672,60819500.0,162.7100067138672
26,2018-02-09,157.88999938964844,150.24000549316406,157.07000732421875,156.41000366210938,70672600.0,156.41000366210938
28,2018-02-08,161.0,155.02999877929688,160.2899932861328,155.14999389648438,54390500.0,154.52000427246094
29,2018-02-07,163.39999389648438,159.07000732421875,163.08999633789062,159.5399932861328,51608600.0,158.8921661376953
30,2018-02-06,163.72000122070312,154.0,154.8300018310547,163.02999877929688,68243800.0,162.36801147460938
31,2018-02-05,163.8800048828125,156.0,159.10000610351562,156.49000549316406,72738500.0,155.8545684814453
32,2018-02-02,166.8000030517578,160.10000610351562,166.0,160.5,86593800.0,159.84828186035156
33,2018-02-01,168.6199951171875,166.75999450683594,167.1699981689453,167.77999877929688,47230800.0,167.09872436523438
34,2018-01-31,168.44000244140625,166.5,166.8699951171875,167.42999267578125,32478900.0,166.75013732910156
35,2018-01-30,167.3699951171875,164.6999969482422,165.52999877929688,166.97000122070312,46048200.0,166.29200744628906
36,2018-01-29,170.16000366210938,167.07000732421875,170.16000366210938,167.9600067138672,50640400.0,167.2779998779297
37,2018-01-26,172.0,170.05999755859375,172.0,171.50999450683594,39143000.0,170.81356811523438
38,2018-01-25,174.9499969482422,170.52999877929688,174.50999450683594,171.11000061035156,41529000.0,170.41519165039062
39,2018-01-24,177.3000030517578,173.1999969482422,177.25,174.22000122070312,51105100.0,173.5125732421875
40,2018-01-23,179.44000244140625,176.82000732421875,177.3000030517578,177.0399932861328,32689100.0,176.32110595703125
41,2018-01-22,177.77999877929688,176.60000610351562,177.3000030517578,177.0,27108600.0,176.28128051757812
42,2018-01-19,179.5800018310547,177.41000366210938,178.61000061035156,178.4600067138672,32425100.0,177.7353515625
43,2018-01-18,180.10000610351562,178.25,179.3699951171875,179.25999450683594,31193400.0,178.5321044921875
44,2018-01-17,179.25,175.07000732421875,176.14999389648438,179.10000610351562,34386800.0,178.3727569580078
45,2018-01-16,179.38999938964844,176.13999938964844,177.89999389648438,176.19000244140625,29565900.0,175.47457885742188
46,2018-01-12,177.36000061035156,175.64999389648438,176.17999267578125,177.08999633789062,25418100.0,176.37091064453125
47,2018-01-11,175.49000549316406,174.49000549316406,174.58999633789062,175.27999877929688,18667700.0,174.56826782226562
48,2018-01-10,174.3000030517578,173.0,173.16000366210938,174.2899932861328,23959900.0,173.582275390625
49,2018-01-09,175.05999755859375,173.41000366210938,174.5500030517578,174.3300018310547,21584000.0,173.6221160888672
50,2018-01-08,175.61000061035156,173.92999267578125,174.35000610351562,174.35000610351562,20567800.0,173.6420440673828
51,2018-01-05,175.3699951171875,173.0500030517578,173.44000244140625,175.0,23660000.0,174.28939819335938
52,2018-01-04,173.47000122070312,172.0800018310547,172.5399932861328,173.02999877929688,22434600.0,172.327392578125
53,2018-01-03,174.5500030517578,171.9600067138672,172.52999877929688,172.22999572753906,29517900.0,171.5306396484375
54,2018-01-02,172.3000030517578,169.25999450683594,170.16000366210938,172.25999450683594,25555900.0,171.56051635742188
55,2017-12-29,170.58999633789062,169.22000122070312,170.52000427246094,169.22999572753906,25999900.0,168.54283142089844
56,2017-12-28,171.85000610351562,170.47999572753906,171.0,171.0800018310547,16480200.0,170.38531494140625
57,2017-12-27,170.77999877929688,169.7100067138672,170.10000610351562,170.60000610351562,21498200.0,169.9072723388672
58,2017-12-26,171.47000122070312,169.67999267578125,170.8000030517578,170.57000732421875,33185500.0,169.8773956298828
59,2017-12-22,175.4199981689453,174.5,174.67999267578125,175.00999450683594,16349400.0,174.2993621826172
60,2017-12-21,176.02000427246094,174.10000610351562,174.1699981689453,175.00999450683594,20949900.0,174.2993621826172
61,2017-12-20,175.4199981689453,173.25,174.8699951171875,174.35000610351562,23475600.0,173.6420440673828
62,2017-12-19,175.38999938964844,174.08999633789062,175.02999877929688,174.5399932861328,27436400.0,173.83126831054688
63,2017-12-18,177.1999969482422,174.86000061035156,174.8800048828125,176.4199981689453,29421100.0,175.70362854003906
64,2017-12-15,174.1699981689453,172.4600067138672,173.6300048828125,173.97000122070312,40169300.0,173.26358032226562
65,2017-12-14,173.1300048828125,171.64999389648438,172.39999389648438,172.22000122070312,20476500.0,171.52069091796875
66,2017-12-13,173.5399932861328,172.0,172.5,172.27000427246094,23818400.0,171.57049560546875
67,2017-12-12,172.38999938964844,171.4600067138672,172.14999389648438,171.6999969482422,19409200.0,171.00279235839844
68,2017-12-11,172.88999938964844,168.7899932861328,169.1999969482422,172.6699981689453,35273800.0,171.96885681152344
69,2017-12-08,171.0,168.82000732421875,170.49000549316406,169.3699951171875,23355200.0,168.6822509765625
70,2017-12-07,170.44000244140625,168.91000366210938,169.02999877929688,169.32000732421875,25673300.0,168.63247680664062
71,2017-12-06,170.1999969482422,166.4600067138672,167.5,169.00999450683594,28560000.0,168.32371520996094
72,2017-12-05,171.52000427246094,168.39999389648438,169.05999755859375,169.63999938964844,27350200.0,168.951171875
73,2017-12-04,172.6199951171875,169.6300048828125,172.47999572753906,169.8000030517578,32542400.0,169.1105194091797
74,2017-12-01,171.6699981689453,168.5,169.9499969482422,171.0500030517578,39759300.0,170.35543823242188
75,2017-11-30,172.13999938964844,168.44000244140625,170.42999267578125,171.85000610351562,41527200.0,171.15219116210938
76,2017-11-29,172.9199981689453,167.16000366210938,172.6300048828125,169.47999572753906,41666400.0,168.79180908203125
77,2017-11-28,174.8699951171875,171.86000061035156,174.3000030517578,173.07000732421875,26428800.0,172.36724853515625
78,2017-11-27,175.0800018310547,173.33999633789062,175.0500030517578,174.08999633789062,20716800.0,173.38308715820312
79,2017-11-24,175.5,174.64999389648438,175.10000610351562,174.97000122070312,14026700.0,174.259521484375
80,2017-11-22,175.0,173.0500030517578,173.36000061035156,174.9600067138672,25588900.0,174.24957275390625
81,2017-11-21,173.6999969482422,170.77999877929688,170.77999877929688,173.13999938964844,25131300.0,172.43695068359375
82,2017-11-20,170.55999755859375,169.55999755859375,170.2899932861328,169.97999572753906,16262400.0,169.28977966308594
83,2017-11-17,171.38999938964844,169.63999938964844,171.0399932861328,170.14999389648438,21899500.0,169.45909118652344
84,2017-11-16,171.8699951171875,170.3000030517578,171.17999267578125,171.10000610351562,23637500.0,170.40524291992188
85,2017-11-15,170.32000732421875,168.3800048828125,169.97000122070312,169.0800018310547,29158100.0,168.39344787597656
86,2017-11-14,173.47999572753906,171.17999267578125,173.0399932861328,171.33999633789062,24782500.0,170.64425659179688
87,2017-11-13,174.5,173.39999389648438,173.5,173.97000122070312,16982100.0,173.26358032226562
88,2017-11-10,175.3800048828125,174.27000427246094,175.11000061035156,174.6699981689453,25145500.0,173.9607391357422
90,2017-11-09,176.10000610351562,173.13999938964844,175.11000061035156,175.8800048828125,29482600.0,174.53839111328125
91,2017-11-08,176.24000549316406,174.3300018310547,174.66000366210938,176.24000549316406,24409500.0,174.89564514160156
92,2017-11-07,175.25,173.60000610351562,173.91000366210938,174.80999755859375,24361500.0,173.47653198242188
93,2017-11-06,174.99000549316406,171.72000122070312,172.3699951171875,174.25,35026300.0,172.9208221435547
94,2017-11-03,174.25999450683594,171.1199951171875,174.0,172.5,59398600.0,171.18417358398438
95,2017-11-02,168.5,165.27999877929688,166.60000610351562,168.11000061035156,41393400.0,166.82765197753906
96,2017-11-01,169.94000244140625,165.61000061035156,169.8699951171875,166.88999938964844,33637800.0,165.61695861816406
97,2017-10-31,169.64999389648438,166.94000244140625,167.89999389648438,169.0399932861328,36046800.0,167.75054931640625
98,2017-10-30,168.07000732421875,163.72000122070312,163.88999938964844,166.72000122070312,44700800.0,165.44825744628906
99,2017-10-27,163.60000610351562,158.6999969482422,159.2899932861328,163.0500030517578,44454200.0,161.80625915527344
100,2017-10-26,157.8300018310547,156.77999877929688,157.22999572753906,157.41000366210938,17000500.0,156.2092742919922
101,2017-10-25,157.5500030517578,155.27000427246094,156.91000366210938,156.41000366210938,21207100.0,155.21690368652344
102,2017-10-24,157.4199981689453,156.1999969482422,156.2899932861328,157.10000610351562,17757200.0,155.90164184570312
103,2017-10-23,157.69000244140625,155.5,156.88999938964844,156.1699981689453,21984300.0,154.97872924804688
104,2017-10-20,157.75,155.9600067138672,156.61000061035156,156.25,23974100.0,155.05812072753906
105,2017-10-19,157.0800018310547,155.02000427246094,156.75,155.97999572753906,42584200.0,154.79017639160156
106,2017-10-18,160.7100067138672,159.60000610351562,160.4199981689453,159.75999450683594,16374200.0,158.5413360595703
107,2017-10-17,160.8699951171875,159.22999572753906,159.77999877929688,160.47000122070312,18997300.0,159.24594116210938
108,2017-10-16,160.0,157.64999389648438,157.89999389648438,159.8800048828125,24121500.0,158.66043090820312
109,2017-10-13,157.27999877929688,156.41000366210938,156.72999572753906,156.99000549316406,16394200.0,155.79249572753906
110,2017-10-12,157.3699951171875,155.72999572753906,156.35000610351562,156.0,16125100.0,154.81002807617188
111,2017-10-11,156.97999572753906,155.75,155.97000122070312,156.5500030517578,16905600.0,155.3558349609375
112,2017-10-10,158.0,155.10000610351562,156.05999755859375,155.89999389648438,15617000.0,154.71078491210938
113,2017-10-09,156.72999572753906,155.49000549316406,155.80999755859375,155.83999633789062,16262900.0,154.6512451171875
114,2017-10-06,155.49000549316406,154.55999755859375,154.97000122070312,155.3000030517578,17407600.0,154.11537170410156
115,2017-10-05,155.44000244140625,154.0500030517578,154.17999267578125,155.38999938964844,21283800.0,154.20468139648438
116,2017-10-04,153.86000061035156,152.4600067138672,153.6300048828125,153.47999572753906,20163800.0,152.3092498779297
117,2017-10-03,155.08999633789062,153.91000366210938,154.00999450683594,154.47999572753906,16230300.0,153.30162048339844
118,2017-10-02,154.4499969482422,152.72000122070312,154.25999450683594,153.80999755859375,18698800.0,152.63673400878906
119,2017-09-29,154.1300048828125,152.0,153.2100067138672,154.1199951171875,26299800.0,152.94436645507812
120,2017-09-28,154.27999877929688,152.6999969482422,153.88999938964844,153.27999877929688,22005500.0,152.11077880859375
121,2017-09-27,154.72000122070312,153.5399932861328,153.8000030517578,154.22999572753906,25504200.0,153.05352783203125
122,2017-09-26,153.9199981689453,151.69000244140625,151.77999877929688,153.13999938964844,36660000.0,151.97183227539062
123,2017-09-25,151.8300018310547,149.16000366210938,149.99000549316406,150.5500030517578,44387300.0,149.40159606933594
124,2017-09-22,152.27000427246094,150.55999755859375,151.5399932861328,151.88999938964844,46645400.0,150.73138427734375
125,2017-09-21,155.8000030517578,152.75,155.8000030517578,153.38999938964844,37511700.0,152.21994018554688
126,2017-09-20,158.25999450683594,153.8300018310547,157.89999389648438,156.07000732421875,52951400.0,154.87950134277344
127,2017-09-19,159.77000427246094,158.44000244140625,159.50999450683594,158.72999572753906,20810600.0,157.51919555664062
128,2017-09-18,160.5,158.0,160.11000061035156,158.6699981689453,28269400.0,157.45965576171875
129,2017-09-15,160.97000122070312,158.0,158.47000122070312,159.8800048828125,49114600.0,158.66043090820312
130,2017-09-14,159.39999389648438,158.08999633789062,158.99000549316406,158.27999877929688,23760700.0,157.0726318359375
131,2017-09-13,159.9600067138672,157.91000366210938,159.8699951171875,159.64999389648438,44907400.0,158.4321746826172
132,2017-09-12,163.9600067138672,158.77000427246094,162.61000061035156,160.86000061035156,71714000.0,159.63294982910156
133,2017-09-11,162.0500030517578,159.88999938964844,160.5,161.5,31085900.0,160.26808166503906
134,2017-09-08,161.14999389648438,158.52999877929688,160.86000061035156,158.6300048828125,28611500.0,157.41998291015625
135,2017-09-07,162.24000549316406,160.36000061035156,162.08999633789062,161.25999450683594,21928500.0,160.02989196777344
136,2017-09-06,162.99000549316406,160.52000427246094,162.7100067138672,161.91000366210938,21651700.0,160.67495727539062
137,2017-09-05,164.25,160.55999755859375,163.75,162.0800018310547,29468500.0,160.84365844726562
138,2017-09-01,164.94000244140625,163.6300048828125,164.8000030517578,164.0500030517578,16591100.0,162.79861450195312
139,2017-08-31,164.52000427246094,163.47999572753906,163.63999938964844,164.0,26785100.0,162.74900817871094
140,2017-08-30,163.88999938964844,162.61000061035156,163.8000030517578,163.35000610351562,27269600.0,162.10397338867188
141,2017-08-29,163.1199951171875,160.0,160.10000610351562,162.91000366210938,29516900.0,161.66732788085938
142,2017-08-28,162.0,159.92999267578125,160.13999938964844,161.47000122070312,25966000.0,160.23831176757812
143,2017-08-25,160.55999755859375,159.27000427246094,159.64999389648438,159.86000061035156,25480100.0,158.64059448242188
144,2017-08-24,160.74000549316406,158.5500030517578,160.42999267578125,159.27000427246094,19818900.0,158.05508422851562
145,2017-08-23,160.47000122070312,158.8800048828125,159.07000732421875,159.97999572753906,19399100.0,158.75967407226562
146,2017-08-22,160.0,158.02000427246094,158.22999572753906,159.77999877929688,21604600.0,158.5612030029297
147,2017-08-21,157.88999938964844,155.11000061035156,157.5,157.2100067138672,26368500.0,156.01080322265625
148,2017-08-18,159.5,156.72000122070312,157.86000061035156,157.5,27428100.0,156.298583984375
149,2017-08-17,160.7100067138672,157.83999633789062,160.52000427246094,157.86000061035156,27940600.0,156.6558380126953
150,2017-08-16,162.50999450683594,160.14999389648438,161.94000244140625,160.9499969482422,27671600.0,159.72225952148438
151,2017-08-15,162.1999969482422,160.13999938964844,160.66000366210938,161.60000610351562,29465500.0,160.3673095703125
152,2017-08-14,160.2100067138672,158.75,159.32000732421875,159.85000610351562,22122700.0,158.6306610107422
153,2017-08-11,158.57000732421875,156.07000732421875,156.60000610351562,157.47999572753906,26257100.0,156.27874755859375
154,2017-08-10,160.0,154.6300048828125,159.89999389648438,155.32000732421875,40804300.0,154.13522338867188
156,2017-08-09,161.27000427246094,159.11000061035156,159.25999450683594,161.05999755859375,26131500.0,159.2062225341797
157,2017-08-08,161.8300018310547,158.27000427246094,158.60000610351562,160.0800018310547,36205900.0,158.2375030517578
158,2017-08-07,158.9199981689453,156.6699981689453,157.05999755859375,158.80999755859375,21870300.0,156.9821319580078
159,2017-08-04,157.39999389648438,155.69000244140625,156.07000732421875,156.38999938964844,20559900.0,154.58998107910156
160,2017-08-03,157.2100067138672,155.02000427246094,157.0500030517578,155.57000732421875,27097300.0,153.7794189453125
161,2017-08-02,159.75,156.16000366210938,159.27999877929688,157.13999938964844,69936800.0,155.33135986328125
162,2017-08-01,150.22000122070312,148.41000366210938,149.10000610351562,150.0500030517578,35368600.0,148.3229522705078
163,2017-07-31,150.3300018310547,148.1300048828125,149.89999389648438,148.72999572753906,19845900.0,147.0181427001953
164,2017-07-28,150.22999572753906,149.19000244140625,149.88999938964844,149.5,17213700.0,147.77928161621094
165,2017-07-27,153.99000549316406,147.3000030517578,153.75,150.55999755859375,32476300.0,148.82708740234375
166,2017-07-26,153.92999267578125,153.05999755859375,153.35000610351562,153.4600067138672,15781000.0,151.69371032714844
167,2017-07-25,153.83999633789062,151.8000030517578,151.8000030517578,152.74000549316406,18853900.0,150.9820098876953
168,2017-07-24,152.44000244140625,149.89999389648438,150.5800018310547,152.08999633789062,21493200.0,150.3394775390625
169,2017-07-21,150.44000244140625,148.8800048828125,149.99000549316406,150.27000427246094,26252600.0,148.54042053222656
170,2017-07-20,151.74000549316406,150.19000244140625,151.5,150.33999633789062,17243700.0,148.609619140625
171,2017-07-19,151.4199981689453,149.9499969482422,150.47999572753906,151.02000427246094,20923000.0,149.28179931640625
172,2017-07-18,150.1300048828125,148.6699981689453,149.1999969482422,150.0800018310547,17868800.0,148.3526153564453
173,2017-07-17,150.89999389648438,148.57000732421875,148.82000732421875,149.55999755859375,23793500.0,147.83859252929688
174,2017-07-14,149.3300018310547,147.3300018310547,147.97000122070312,149.0399932861328,20132100.0,147.32456970214844
175,2017-07-13,148.49000549316406,145.44000244140625,145.5,147.77000427246094,25199400.0,146.0692138671875
176,2017-07-12,146.17999267578125,144.82000732421875,145.8699951171875,145.74000549316406,24884500.0,144.06256103515625
177,2017-07-11,145.85000610351562,144.3800048828125,144.72999572753906,145.52999877929688,19781800.0,143.85496520996094
178,2017-07-10,145.9499969482422,143.3699951171875,144.11000061035156,145.05999755859375,21090600.0,143.390380859375
179,2017-07-07,144.75,142.89999389648438,142.89999389648438,144.17999267578125,19201700.0,142.5205078125
180,2017-07-06,143.5,142.41000366210938,143.02000427246094,142.72999572753906,24128800.0,141.0872039794922
181,2017-07-05,144.7899932861328,142.72000122070312,143.69000244140625,144.08999633789062,21569600.0,142.43154907226562
182,2017-07-03,145.3000030517578,143.10000610351562,144.8800048828125,143.5,14258300.0,141.8483428955078
183,2017-06-30,144.9600067138672,143.77999877929688,144.4499969482422,144.02000427246094,23024100.0,142.36236572265625
184,2017-06-29,145.1300048828125,142.27999877929688,144.7100067138672,143.67999267578125,31499400.0,142.02626037597656
185,2017-06-28,146.11000061035156,143.16000366210938,144.49000549316406,145.8300018310547,22082400.0,144.15151977539062
186,2017-06-27,146.16000366210938,143.6199951171875,145.00999450683594,143.72999572753906,24761900.0,142.07569885253906
187,2017-06-26,148.27999877929688,145.3800048828125,147.1699981689453,145.82000732421875,25692400.0,144.14166259765625
188,2017-06-23,147.16000366210938,145.11000061035156,145.1300048828125,146.27999877929688,35439400.0,144.59634399414062
189,2017-06-22,146.6999969482422,145.1199951171875,145.77000427246094,145.6300048828125,19106300.0,143.95384216308594
190,2017-06-21,146.07000732421875,144.61000061035156,145.52000427246094,145.8699951171875,21265800.0,144.19105529785156
191,2017-06-20,146.8699951171875,144.94000244140625,146.8699951171875,145.00999450683594,24900100.0,143.34095764160156
192,2017-06-19,146.74000549316406,143.66000366210938,143.66000366210938,146.33999633789062,32541400.0,144.65565490722656
193,2017-06-16,144.5,142.1999969482422,143.77999877929688,142.27000427246094,50361100.0,140.63250732421875
194,2017-06-15,144.47999572753906,142.2100067138672,143.32000732421875,144.2899932861328,32165400.0,142.62924194335938
195,2017-06-14,147.5,143.83999633789062,147.5,145.16000366210938,31531200.0,143.48924255371094
196,2017-06-13,147.4499969482422,145.14999389648438,147.16000366210938,146.58999633789062,34165400.0,144.90277099609375
197,2017-06-12,146.08999633789062,142.50999450683594,145.74000549316406,145.4199981689453,72307300.0,143.74623107910156
198,2017-06-09,155.19000244140625,146.02000427246094,155.19000244140625,148.97999572753906,64882700.0,147.26527404785156
199,2017-06-08,155.5399932861328,154.39999389648438,155.25,154.99000549316406,21250800.0,153.2061004638672
200,2017-06-07,155.97999572753906,154.47999572753906,155.02000427246094,155.3699951171875,21069600.0,153.58172607421875
201,2017-06-06,155.80999755859375,153.77999877929688,153.89999389648438,154.4499969482422,26624900.0,152.6723175048828
202,2017-06-05,154.4499969482422,153.4600067138672,154.33999633789062,153.92999267578125,25331700.0,152.15829467773438
203,2017-06-02,155.4499969482422,152.88999938964844,153.5800018310547,155.4499969482422,27770700.0,153.66079711914062
204,2017-06-01,153.3300018310547,152.22000122070312,153.1699981689453,153.17999267578125,16404100.0,151.41693115234375
205,2017-05-31,154.1699981689453,152.3800048828125,153.97000122070312,152.75999450683594,24451200.0,151.00177001953125
206,2017-05-30,154.42999267578125,153.3300018310547,153.4199981689453,153.6699981689453,20126900.0,151.90127563476562
207,2017-05-26,154.24000549316406,153.30999755859375,154.0,153.61000061035156,21701100.0,151.84197998046875
208,2017-05-25,154.35000610351562,153.02999877929688,153.72999572753906,153.8699951171875,19235600.0,152.09896850585938
209,2017-05-24,154.1699981689453,152.6699981689453,153.83999633789062,153.33999633789062,19178000.0,151.5750732421875
210,2017-05-23,154.89999389648438,153.30999755859375,154.89999389648438,153.8000030517578,19918900.0,152.02980041503906
211,2017-05-22,154.5800018310547,152.91000366210938,154.0,153.99000549316406,22966400.0,152.2176055908203
212,2017-05-19,153.97999572753906,152.6300048828125,153.3800048828125,153.05999755859375,26960800.0,151.29830932617188
213,2017-05-18,153.33999633789062,151.1300048828125,151.27000427246094,152.5399932861328,33568200.0,150.78428649902344
214,2017-05-17,154.57000732421875,149.7100067138672,153.60000610351562,150.25,50767700.0,148.52066040039062
215,2017-05-16,156.05999755859375,154.72000122070312,155.94000244140625,155.47000122070312,20048500.0,153.68057250976562
216,2017-05-15,156.64999389648438,155.0500030517578,156.00999450683594,155.6999969482422,26009700.0,153.9079132080078
217,2017-05-12,156.4199981689453,154.6699981689453,154.6999969482422,156.10000610351562,32527000.0,154.30332946777344
218,2017-05-11,154.07000732421875,152.30999755859375,152.4499969482422,153.9499969482422,27255100.0,152.17807006835938
220,2017-05-10,153.94000244140625,152.11000061035156,153.6300048828125,153.25999450683594,25805700.0,150.87326049804688
221,2017-05-09,154.8800048828125,153.4499969482422,153.8699951171875,153.99000549316406,39130400.0,151.59190368652344
222,2017-05-08,153.6999969482422,149.02999877929688,149.02999877929688,153.00999450683594,48752400.0,150.6271514892578
223,2017-05-05,148.97999572753906,146.75999450683594,146.75999450683594,148.9600067138672,27327700.0,146.64024353027344
224,2017-05-04,147.13999938964844,145.80999755859375,146.52000427246094,146.52999877929688,23371900.0,144.24806213378906
225,2017-05-03,147.49000549316406,144.27000427246094,145.58999633789062,147.05999755859375,45697000.0,144.7698211669922
226,2017-05-02,148.08999633789062,146.83999633789062,147.5399932861328,147.50999450683594,45352200.0,145.21279907226562
227,2017-05-01,147.1999969482422,144.9600067138672,145.10000610351562,146.5800018310547,33602900.0,144.2972869873047
228,2017-04-28,144.3000030517578,143.27000427246094,144.08999633789062,143.64999389648438,20860400.0,141.41290283203125
229,2017-04-27,144.16000366210938,143.30999755859375,143.9199981689453,143.7899932861328,14246300.0,141.55075073242188
230,2017-04-26,144.60000610351562,143.3800048828125,144.47000122070312,143.67999267578125,20041200.0,141.44244384765625
231,2017-04-25,144.89999389648438,143.8699951171875,143.91000366210938,144.52999877929688,18871500.0,142.27920532226562
232,2017-04-24,143.9499969482422,143.17999267578125,143.5,143.63999938964844,17134300.0,141.40306091308594
233,2017-04-21,142.67999267578125,141.85000610351562,142.44000244140625,142.27000427246094,17320900.0,140.05442810058594
234,2017-04-20,142.9199981689453,141.16000366210938,141.22000122070312,142.44000244140625,23319600.0,140.2217559814453
235,2017-04-19,142.0,140.4499969482422,141.8800048828125,140.67999267578125,17328400.0,138.4891815185547
236,2017-04-18,142.0399932861328,141.11000061035156,141.41000366210938,141.1999969482422,14697500.0,139.00106811523438
237,2017-04-17,141.8800048828125,140.8699951171875,141.47999572753906,141.8300018310547,16582100.0,139.6212615966797
238,2017-04-13,142.3800048828125,141.0500030517578,141.91000366210938,141.0500030517578,17822900.0,138.85342407226562
239,2017-04-12,142.14999389648438,141.00999450683594,141.60000610351562,141.8000030517578,20350000.0,139.59173583984375
240,2017-04-11,143.35000610351562,140.05999755859375,142.94000244140625,141.6300048828125,30379400.0,139.4243927001953
241,2017-04-10,143.8800048828125,142.89999389648438,143.60000610351562,143.1699981689453,18933400.0,140.94039916992188
242,2017-04-07,144.17999267578125,143.27000427246094,143.72999572753906,143.33999633789062,16672200.0,141.1077423095703
243,2017-04-06,144.52000427246094,143.4499969482422,144.2899932861328,143.66000366210938,21149000.0,141.4227752685547
244,2017-04-05,145.4600067138672,143.80999755859375,144.22000122070312,144.02000427246094,27717900.0,141.77716064453125
245,2017-04-04,144.88999938964844,143.1699981689453,143.25,144.77000427246094,19891400.0,142.51548767089844
246,2017-04-03,144.1199951171875,143.0500030517578,143.7100067138672,143.6999969482422,19985700.0,141.462158203125
247,2017-03-31,144.27000427246094,143.00999450683594,143.72000122070312,143.66000366210938,19661700.0,141.4227752685547
248,2017-03-30,144.5,143.5,144.19000244140625,143.92999267578125,21207300.0,141.6885528564453
249,2017-03-29,144.49000549316406,143.19000244140625,143.67999267578125,144.1199951171875,29190000.0,141.87559509277344
250,2017-03-28,144.0399932861328,140.6199951171875,140.91000366210938,143.8000030517578,33374800.0,141.56057739257812
251,2017-03-27,141.22000122070312,138.6199951171875,139.38999938964844,140.8800048828125,23575100.0,138.68606567382812
252,2017-03-24,141.74000549316406,140.35000610351562,141.5,140.63999938964844,22395600.0,138.4497833251953
253,2017-03-23,141.5800018310547,140.61000061035156,141.25999450683594,140.9199981689453,20346300.0,138.72543334960938
254,2017-03-22,141.60000610351562,139.75999450683594,139.85000610351562,141.4199981689453,25860200.0,139.21763610839844
255,2017-03-21,142.8000030517578,139.72999572753906,142.11000061035156,139.83999633789062,39529900.0,137.66224670410156
256,2017-03-20,141.5,140.22999572753906,140.39999389648438,141.4600067138672,21542000.0,139.2570343017578
257,2017-03-17,141.0,139.88999938964844,141.0,139.99000549316406,43885000.0,137.80990600585938
258,2017-03-16,141.02000427246094,140.25999450683594,140.72000122070312,140.69000244140625,19232000.0,138.49900817871094
259,2017-03-15,140.75,139.02999877929688,139.41000366210938,140.4600067138672,25691800.0,138.27261352539062
260,2017-03-14,139.64999389648438,138.83999633789062,139.3000030517578,138.99000549316406,15309100.0,136.8254852294922
261,2017-03-13,139.42999267578125,138.82000732421875,138.85000610351562,139.1999969482422,17421700.0,137.03221130371094
262,2017-03-10,139.36000061035156,138.63999938964844,139.25,139.13999938964844,19612800.0,136.97314453125
263,2017-03-09,138.7899932861328,137.0500030517578,138.74000549316406,138.67999267578125,22155900.0,136.5203094482422
264,2017-03-08,139.8000030517578,138.82000732421875,138.9499969482422,139.0,18707200.0,136.83534240722656
265,2017-03-07,139.97999572753906,138.7899932861328,139.05999755859375,139.52000427246094,17446300.0,137.3472442626953
266,2017-03-06,139.77000427246094,138.60000610351562,139.3699951171875,139.33999633789062,21750000.0,137.1700439453125
267,2017-03-03,139.8300018310547,138.58999633789062,138.77999877929688,139.77999877929688,21108100.0,137.60317993164062
268,2017-03-02,140.27999877929688,138.75999450683594,140.0,138.9600067138672,26211000.0,136.79595947265625
269,2017-03-01,140.14999389648438,137.60000610351562,137.88999938964844,139.7899932861328,36414600.0,137.61302185058594
270,2017-02-28,137.44000244140625,136.6999969482422,137.0800018310547,136.99000549316406,23482900.0,134.85665893554688
271,2017-02-27,137.44000244140625,136.27999877929688,137.13999938964844,136.92999267578125,20257400.0,134.7975616455078
272,2017-02-24,136.66000366210938,135.27999877929688,135.91000366210938,136.66000366210938,21776600.0,134.5317840576172
273,2017-02-23,137.47999572753906,136.3000030517578,137.3800048828125,136.52999877929688,20788200.0,134.40380859375
274,2017-02-22,137.1199951171875,136.11000061035156,136.42999267578125,137.11000061035156,20836900.0,134.97476196289062
275,2017-02-21,136.75,135.97999572753906,136.22999572753906,136.6999969482422,24507200.0,134.5711669921875
276,2017-02-17,135.8300018310547,135.10000610351562,135.10000610351562,135.72000122070312,22198200.0,133.60643005371094
277,2017-02-16,135.89999389648438,134.83999633789062,135.6699981689453,135.35000610351562,22584600.0,133.24217224121094
278,2017-02-15,136.27000427246094,134.6199951171875,135.52000427246094,135.50999450683594,35623100.0,133.39968872070312
279,2017-02-14,135.08999633789062,133.25,133.47000122070312,135.02000427246094,33226200.0,132.91732788085938
280,2017-02-13,133.82000732421875,132.75,133.0800018310547,133.2899932861328,23035400.0,131.21424865722656
281,2017-02-10,132.94000244140625,132.0500030517578,132.4600067138672,132.1199951171875,20065500.0,130.06248474121094
282,2017-02-09,132.4499969482422,131.1199951171875,131.64999389648438,132.4199981689453,28349900.0,130.35780334472656
284,2017-02-08,132.22000122070312,131.22000122070312,131.35000610351562,132.0399932861328,23004100.0,129.42262268066406
285,2017-02-07,132.08999633789062,130.4499969482422,130.5399932861328,131.52999877929688,38183800.0,128.92271423339844
286,2017-02-06,130.5,128.89999389648438,129.1300048828125,130.2899932861328,26845900.0,127.70729064941406
287,2017-02-03,129.19000244140625,128.16000366210938,128.30999755859375,129.0800018310547,24507300.0,126.52127838134766
288,2017-02-02,129.38999938964844,127.77999877929688,127.9800033569336,128.52999877929688,33710400.0,125.982177734375
289,2017-02-01,130.49000549316406,127.01000213623047,127.02999877929688,128.75,111985000.0,126.19781494140625
290,2017-01-31,121.38999938964844,120.62000274658203,121.1500015258789,121.3499984741211,49201000.0,118.94450378417969
291,2017-01-30,121.62999725341797,120.66000366210938,120.93000030517578,121.62999725341797,30377500.0,119.21894836425781
292,2017-01-27,122.3499984741211,121.5999984741211,122.13999938964844,121.94999694824219,20562900.0,119.53260803222656
293,2017-01-26,122.44000244140625,121.5999984741211,121.66999816894531,121.94000244140625,26337600.0,119.52281951904297
294,2017-01-25,122.0999984741211,120.27999877929688,120.41999816894531,121.87999725341797,32377600.0,119.46400451660156
295,2017-01-24,120.0999984741211,119.5,119.55000305175781,119.97000122070312,23211000.0,117.59186553955078
296,2017-01-23,120.80999755859375,119.7699966430664,120.0,120.08000183105469,22050200.0,117.6996841430664
297,2017-01-20,120.44999694824219,119.7300033569336,120.44999694824219,120.0,32597900.0,117.62126922607422
298,2017-01-19,120.08999633789062,119.37000274658203,119.4000015258789,119.77999877929688,25597300.0,117.40562438964844
299,2017-01-18,120.5,119.70999908447266,120.0,119.98999786376953,23713000.0,117.61146545410156
300,2017-01-17,120.23999786376953,118.22000122070312,118.33999633789062,120.0,34439800.0,117.62126922607422
301,2017-01-13,119.62000274658203,118.80999755859375,119.11000061035156,119.04000091552734,26111900.0,116.6802978515625
302,2017-01-12,119.30000305175781,118.20999908447266,118.9000015258789,119.25,27086200.0,116.8861312866211
303,2017-01-11,119.93000030517578,118.5999984741211,118.73999786376953,119.75,27588600.0,117.37622833251953
304,2017-01-10,119.37999725341797,118.30000305175781,118.7699966430664,119.11000061035156,24462100.0,116.74890899658203
305,2017-01-09,119.43000030517578,117.94000244140625,117.94999694824219,118.98999786376953,33561900.0,116.63129425048828
306,2017-01-06,118.16000366210938,116.47000122070312,116.77999877929688,117.91000366210938,31751900.0,115.57270812988281
307,2017-01-05,116.86000061035156,115.80999755859375,115.91999816894531,116.61000061035156,22193600.0,114.2984619140625
308,2017-01-04,116.51000213623047,115.75,115.8499984741211,116.0199966430664,21118100.0,113.72016143798828
309,2017-01-03,116.33000183105469,114.76000213623047,115.80000305175781,116.1500015258789,28781900.0,113.84758758544922
310,2016-12-30,117.19999694824219,115.43000030517578,116.6500015258789,115.81999969482422,30586300.0,113.52413177490234
311,2016-12-29,117.11000061035156,116.4000015258789,116.44999694824219,116.7300033569336,15039500.0,114.41609191894531
312,2016-12-28,118.0199966430664,116.19999694824219,117.5199966430664,116.76000213623047,20905900.0,114.44550323486328
313,2016-12-27,117.80000305175781,116.48999786376953,116.5199966430664,117.26000213623047,18296900.0,114.93558502197266
314,2016-12-23,116.5199966430664,115.58999633789062,115.58999633789062,116.5199966430664,14181200.0,114.21024322509766
315,2016-12-22,116.51000213623047,115.63999938964844,116.3499984741211,116.29000091552734,26085900.0,113.98481750488281
316,2016-12-21,117.4000015258789,116.77999877929688,116.80000305175781,117.05999755859375,23783200.0,114.73955535888672
317,2016-12-20,117.5,116.68000030517578,116.73999786376953,116.94999694824219,21425000.0,114.63172912597656
318,2016-12-19,117.37999725341797,115.75,115.80000305175781,116.63999938964844,27779400.0,114.32787322998047
319,2016-12-16,116.5,115.6500015258789,116.47000122070312,115.97000122070312,44351100.0,113.67115783691406
320,2016-12-15,116.7300033569336,115.2300033569336,115.37999725341797,115.81999969482422,46524500.0,113.52413177490234
321,2016-12-14,116.19999694824219,114.9800033569336,115.04000091552734,115.19000244140625,34031800.0,112.9066162109375
322,2016-12-13,115.91999816894531,113.75,113.83999633789062,115.19000244140625,43733800.0,112.9066162109375
323,2016-12-12,115.0,112.48999786376953,113.29000091552734,113.30000305175781,26374400.0,111.05408477783203
324,2016-12-09,114.69999694824219,112.30999755859375,112.30999755859375,113.94999694824219,34402600.0,111.69120025634766
325,2016-12-08,112.43000030517578,110.5999984741211,110.86000061035156,112.12000274658203,27068300.0,109.89747619628906
326,2016-12-07,111.19000244140625,109.16000366210938,109.26000213623047,111.02999877929688,29998700.0,108.82907104492188
327,2016-12-06,110.36000061035156,109.19000244140625,109.5,109.94999694824219,26195500.0,107.7704849243164
328,2016-12-05,110.02999877929688,108.25,110.0,109.11000061035156,34324500.0,106.94713592529297
329,2016-12-02,110.08999633789062,108.8499984741211,109.16999816894531,109.9000015258789,26528000.0,107.72148132324219
330,2016-12-01,110.94000244140625,109.02999877929688,110.37000274658203,109.48999786376953,37086900.0,107.3196029663086
331,2016-11-30,112.19999694824219,110.2699966430664,111.5999984741211,110.5199966430664,36162300.0,108.32918548583984
332,2016-11-29,112.02999877929688,110.06999969482422,110.77999877929688,111.45999908447266,28528800.0,109.25056457519531
333,2016-11-28,112.47000122070312,111.38999938964844,111.43000030517578,111.56999969482422,27194000.0,109.3583755493164
334,2016-11-25,111.87000274658203,110.94999694824219,111.12999725341797,111.79000091552734,11475900.0,109.57402038574219
335,2016-11-23,111.51000213623047,110.33000183105469,111.36000061035156,111.2300033569336,27426400.0,109.02511596679688
336,2016-11-22,112.41999816894531,111.4000015258789,111.94999694824219,111.80000305175781,25965500.0,109.58381652832031
337,2016-11-21,111.98999786376953,110.01000213623047,110.12000274658203,111.7300033569336,29264600.0,109.51519775390625
338,2016-11-18,110.54000091552734,109.66000366210938,109.72000122070312,110.05999755859375,28428900.0,107.87830352783203
339,2016-11-17,110.3499984741211,108.83000183105469,109.80999755859375,109.94999694824219,27632000.0,107.7704849243164
340,2016-11-16,110.2300033569336,106.5999984741211,106.69999694824219,109.98999786376953,58840500.0,107.80968475341797
341,2016-11-15,107.68000030517578,106.16000366210938,106.56999969482422,107.11000061035156,32264500.0,104.98677825927734
342,2016-11-14,107.80999755859375,104.08000183105469,107.70999908447266,105.70999908447266,51175500.0,103.61453247070312
343,2016-11-11,108.87000274658203,106.55000305175781,107.12000274658203,108.43000030517578,34094100.0,106.2806167602539
344,2016-11-10,111.08999633789062,105.83000183105469,111.08999633789062,107.79000091552734,57134500.0,105.6532974243164
345,2016-11-09,111.31999969482422,108.05000305175781,109.87999725341797,110.87999725341797,59176400.0,108.68206024169922
346,2016-11-08,111.72000122070312,109.69999694824219,110.30999755859375,111.05999755859375,24054500.0,108.85847473144531
347,2016-11-07,110.51000213623047,109.45999908447266,110.08000183105469,110.41000366210938,32560000.0,108.22138214111328
348,2016-11-04,110.25,108.11000061035156,108.52999877929688,108.83999633789062,30837000.0,106.68248748779297
349,2016-11-03,111.45999908447266,109.55000305175781,110.9800033569336,109.83000183105469,26932600.0,107.65286254882812
351,2016-11-02,112.3499984741211,111.2300033569336,111.4000015258789,111.58999633789062,28331700.0,108.81927490234375
352,2016-11-01,113.7699966430664,110.52999877929688,113.45999908447266,111.48999786376953,43825800.0,108.72175598144531
353,2016-10-31,114.2300033569336,113.19999694824219,113.6500015258789,113.54000091552734,26419400.0,110.72085571289062
354,2016-10-28,115.20999908447266,113.44999694824219,113.87000274658203,113.72000122070312,37861700.0,110.89639282226562
355,2016-10-27,115.86000061035156,114.0999984741211,115.38999938964844,114.4800033569336,34562000.0,111.63751983642578
356,2016-10-26,115.69999694824219,113.30999755859375,114.30999755859375,115.58999633789062,66134200.0,112.71995544433594
357,2016-10-25,118.36000061035156,117.30999755859375,117.94999694824219,118.25,48129000.0,115.31391906738281
358,2016-10-24,117.73999786376953,117.0,117.0999984741211,117.6500015258789,23538700.0,114.72879791259766
359,2016-10-21,116.91000366210938,116.27999877929688,116.80999755859375,116.5999984741211,23192700.0,113.70487213134766
360,2016-10-20,117.37999725341797,116.33000183105469,116.86000061035156,117.05999755859375,24125800.0,114.15345764160156
361,2016-10-19,117.76000213623047,113.80000305175781,117.25,117.12000274658203,20034600.0,114.21196746826172
362,2016-10-18,118.20999908447266,117.44999694824219,118.18000030517578,117.47000122070312,24553500.0,114.55328369140625
363,2016-10-17,117.83999633789062,116.77999877929688,117.33000183105469,117.55000305175781,23624900.0,114.63129425048828
364,2016-10-14,118.16999816894531,117.12999725341797,117.87999725341797,117.62999725341797,35652200.0,114.70930480957031
365,2016-10-13,117.44000244140625,115.72000122070312,116.79000091552734,116.9800033569336,35192400.0,114.075439453125
366,2016-10-12,117.9800033569336,116.75,117.3499984741211,117.33999633789062,37586800.0,114.42650604248047
367,2016-10-11,118.69000244140625,116.19999694824219,117.69999694824219,116.30000305175781,64041000.0,113.4123306274414
368,2016-10-10,116.75,114.72000122070312,115.0199966430664,116.05000305175781,36236000.0,113.16854095458984
369,2016-10-07,114.55999755859375,113.51000213623047,114.30999755859375,114.05999755859375,24358400.0,111.22794342041016
370,2016-10-06,114.33999633789062,113.12999725341797,113.69999694824219,113.88999938964844,28779300.0,111.06217193603516
371,2016-10-05,113.66000366210938,112.69000244140625,113.4000015258789,113.05000305175781,21453100.0,110.24303436279297
372,2016-10-04,114.30999755859375,112.62999725341797,113.05999755859375,113.0,29736800.0,110.19426727294922
373,2016-10-03,113.05000305175781,112.27999877929688,112.70999908447266,112.5199966430664,21701800.0,109.72618103027344
374,2016-09-30,113.37000274658203,111.80000305175781,112.45999908447266,113.05000305175781,36379100.0,110.24303436279297
375,2016-09-29,113.80000305175781,111.80000305175781,113.16000366210938,112.18000030517578,35887000.0,109.39462280273438
376,2016-09-28,114.63999938964844,113.43000030517578,113.69000244140625,113.94999694824219,29641100.0,111.12067413330078
377,2016-09-27,113.18000030517578,112.33999633789062,113.0,113.08999633789062,24607400.0,110.28202819824219
378,2016-09-26,113.38999938964844,111.55000305175781,111.63999938964844,112.87999725341797,29869400.0,110.07723236083984
379,2016-09-23,114.79000091552734,111.55000305175781,114.41999816894531,112.70999908447266,52481200.0,109.91146850585938
380,2016-09-22,114.94000244140625,114.0,114.3499984741211,114.62000274658203,31074000.0,111.7740478515625
381,2016-09-21,113.98999786376953,112.44000244140625,113.8499984741211,113.55000305175781,36003200.0,110.73060607910156
382,2016-09-20,114.12000274658203,112.51000213623047,113.05000305175781,113.56999969482422,34514300.0,110.75011444091797
383,2016-09-19,116.18000030517578,113.25,115.19000244140625,113.58000183105469,47023000.0,110.7598648071289
384,2016-09-16,116.12999725341797,114.04000091552734,115.12000274658203,114.91999816894531,79886900.0,112.06658935546875
385,2016-09-15,115.7300033569336,113.48999786376953,113.86000061035156,115.56999969482422,89983600.0,112.70044708251953
386,2016-09-14,113.02999877929688,108.5999984741211,108.7300033569336,111.7699966430664,110888700.0,108.99480438232422
387,2016-09-13,108.79000091552734,107.23999786376953,107.51000213623047,107.94999694824219,62176200.0,105.2696533203125
388,2016-09-12,105.72000122070312,102.52999877929688,102.6500015258789,105.44000244140625,45292800.0,102.82197570800781
389,2016-09-09,105.72000122070312,103.12999725341797,104.63999938964844,103.12999725341797,46557000.0,100.56932830810547
390,2016-09-08,107.2699966430664,105.23999786376953,107.25,105.5199966430664,53002000.0,102.9000015258789
391,2016-09-07,108.76000213623047,107.06999969482422,107.83000183105469,108.36000061035156,42364300.0,105.66947937011719
392,2016-09-06,108.30000305175781,107.51000213623047,107.9000015258789,107.69999694824219,26880400.0,105.0258560180664
393,2016-09-02,108.0,106.81999969482422,107.69999694824219,107.7300033569336,26802500.0,105.05512237548828
394,2016-09-01,106.80000305175781,105.62000274658203,106.13999938964844,106.7300033569336,26701500.0,104.0799560546875
395,2016-08-31,106.56999969482422,105.63999938964844,105.66000366210938,106.0999984741211,29662400.0,103.46558380126953
396,2016-08-30,106.5,105.5,105.80000305175781,106.0,24863900.0,103.3680648803711
397,2016-08-29,107.44000244140625,106.29000091552734,106.62000274658203,106.81999969482422,24970300.0,104.16770935058594
398,2016-08-26,107.94999694824219,106.30999755859375,107.41000366210938,106.94000244140625,27766300.0,104.28473663330078
399,2016-08-25,107.87999725341797,106.68000030517578,107.38999938964844,107.56999969482422,25086200.0,104.89908599853516
400,2016-08-24,108.75,107.68000030517578,108.56999969482422,108.02999877929688,23675100.0,105.34767150878906
401,2016-08-23,109.31999969482422,108.52999877929688,108.58999633789062,108.8499984741211,21257700.0,106.14730072021484
402,2016-08-22,109.0999984741211,107.8499984741211,108.86000061035156,108.51000213623047,25820200.0,105.81575012207031
403,2016-08-19,109.69000244140625,108.36000061035156,108.7699966430664,109.36000061035156,25368100.0,106.64463806152344
404,2016-08-18,109.5999984741211,109.0199966430664,109.2300033569336,109.08000183105469,21984700.0,106.3716049194336
405,2016-08-17,109.37000274658203,108.33999633789062,109.0999984741211,109.22000122070312,25356000.0,106.50812530517578
406,2016-08-16,110.2300033569336,109.20999908447266,109.62999725341797,109.37999725341797,33794400.0,106.66413879394531
407,2016-08-15,109.54000091552734,108.08000183105469,108.13999938964844,109.4800033569336,25868200.0,106.76166534423828
408,2016-08-12,108.44000244140625,107.77999877929688,107.77999877929688,108.18000030517578,18660400.0,105.49394226074219
409,2016-08-11,108.93000030517578,107.8499984741211,108.5199966430664,107.93000030517578,27484500.0,105.25015258789062
410,2016-08-10,108.9000015258789,107.76000213623047,108.70999908447266,108.0,24008500.0,105.31841278076172
411,2016-08-09,108.94000244140625,108.01000213623047,108.2300033569336,108.80999755859375,26315200.0,106.1082992553711
412,2016-08-08,108.37000274658203,107.16000366210938,107.5199966430664,108.37000274658203,28037200.0,105.6792221069336
413,2016-08-05,107.6500015258789,106.18000030517578,106.2699966430664,107.4800033569336,40553400.0,104.81131744384766
414,2016-08-04,106.0,105.27999877929688,105.58000183105469,105.87000274658203,27408700.0,103.2413101196289
416,2016-08-03,105.83999633789062,104.7699966430664,104.80999755859375,105.79000091552734,30202600.0,102.6074447631836
417,2016-08-02,106.06999969482422,104.0,106.05000305175781,104.4800033569336,33816600.0,101.33685302734375
418,2016-08-01,106.1500015258789,104.41000366210938,104.41000366210938,106.05000305175781,38167900.0,102.85961151123047
419,2016-07-29,104.55000305175781,103.68000030517578,104.19000244140625,104.20999908447266,27733700.0,101.0749740600586
420,2016-07-28,104.44999694824219,102.81999969482422,102.83000183105469,104.33999633789062,39869800.0,101.20105743408203
421,2016-07-27,104.3499984741211,102.75,104.2699966430664,102.94999694824219,92344800.0,99.8528823852539
422,2016-07-26,97.97000122070312,96.41999816894531,96.81999969482422,96.66999816894531,56239800.0,93.76180267333984
423,2016-07-25,98.83999633789062,96.91999816894531,98.25,97.33999633789062,40382900.0,94.4116439819336
424,2016-07-22,99.30000305175781,98.30999755859375,99.26000213623047,98.66000366210938,28313700.0,95.69194030761719
425,2016-07-21,101.0,99.12999725341797,99.83000183105469,99.43000030517578,32702000.0,96.43877410888672
426,2016-07-20,100.45999908447266,99.73999786376953,100.0,99.95999908447266,26276000.0,96.95283508300781
427,2016-07-19,100.0,99.33999633789062,99.55999755859375,99.87000274658203,23779900.0,96.86553192138672
428,2016-07-18,100.12999725341797,98.5999984741211,98.69999694824219,99.83000183105469,36493900.0,96.82673645019531
429,2016-07-15,99.30000305175781,98.5,98.91999816894531,98.77999877929688,30137000.0,95.8083267211914
430,2016-07-14,98.98999786376953,97.31999969482422,97.38999938964844,98.79000091552734,38919000.0,95.81803894042969
431,2016-07-13,97.66999816894531,96.83999633789062,97.41000366210938,96.87000274658203,25892200.0,93.95579528808594
432,2016-07-12,97.69999694824219,97.12000274658203,97.16999816894531,97.41999816894531,24167500.0,94.4892349243164
433,2016-07-11,97.6500015258789,96.7300033569336,96.75,96.9800033569336,23794900.0,94.06246948242188
434,2016-07-08,96.88999938964844,96.05000305175781,96.48999786376953,96.68000030517578,28912100.0,93.7715072631836
435,2016-07-07,96.5,95.62000274658203,95.69999694824219,95.94000244140625,25139600.0,93.05376434326172
436,2016-07-06,95.66000366210938,94.37000274658203,94.5999984741211,95.52999877929688,30949100.0,92.6561050415039
437,2016-07-05,95.4000015258789,94.45999908447266,95.38999938964844,94.98999786376953,27705200.0,92.13233184814453
438,2016-07-01,96.47000122070312,95.33000183105469,95.48999786376953,95.88999938964844,26026500.0,93.00526428222656
439,2016-06-30,95.7699966430664,94.30000305175781,94.44000244140625,95.5999984741211,35836400.0,92.72399139404297
440,2016-06-29,94.55000305175781,93.62999725341797,93.97000122070312,94.4000015258789,36531000.0,91.56009674072266
441,2016-06-28,93.66000366210938,92.13999938964844,92.9000015258789,93.58999633789062,40444900.0,90.77445983886719
442,2016-06-27,93.05000305175781,91.5,93.0,92.04000091552734,45489600.0,89.2710952758789
443,2016-06-24,94.66000366210938,92.6500015258789,92.91000366210938,93.4000015258789,75311400.0,90.59017944335938
444,2016-06-23,96.29000091552734,95.25,95.94000244140625,96.0999984741211,32240200.0,93.20894622802734
445,2016-06-22,96.88999938964844,95.3499984741211,96.25,95.55000305175781,29219100.0,92.67550659179688
446,2016-06-21,96.3499984741211,94.68000030517578,94.94000244140625,95.91000366210938,35546400.0,93.02467346191406
447,2016-06-20,96.56999969482422,95.02999877929688,96.0,95.0999984741211,34411900.0,92.2390365600586
448,2016-06-17,96.6500015258789,95.30000305175781,96.62000274658203,95.33000183105469,61008200.0,92.46211242675781
449,2016-06-16,97.75,96.06999969482422,96.44999694824219,97.55000305175781,31326800.0,94.61534118652344
450,2016-06-15,98.41000366210938,97.02999877929688,97.81999969482422,97.13999938964844,29445200.0,94.21766662597656
451,2016-06-14,98.4800033569336,96.75,97.31999969482422,97.45999908447266,31931900.0,94.52804565429688
452,2016-06-13,99.12000274658203,97.0999984741211,98.69000244140625,97.33999633789062,38020500.0,94.4116439819336
453,2016-06-10,99.3499984741211,98.4800033569336,98.52999877929688,98.83000183105469,31712900.0,95.8568115234375
454,2016-06-09,99.98999786376953,98.45999908447266,98.5,99.6500015258789,26601400.0,96.65214538574219
455,2016-06-08,99.55999755859375,98.68000030517578,99.0199966430664,98.94000244140625,20848100.0,95.96351623535156
456,2016-06-07,99.87000274658203,98.95999908447266,99.25,99.02999877929688,22409500.0,96.0508041381836
457,2016-06-06,101.88999938964844,97.55000305175781,97.98999786376953,98.62999725341797,23292500.0,95.66283416748047
458,2016-06-03,98.2699966430664,97.44999694824219,97.79000091552734,97.91999816894531,28062900.0,94.97418975830078
459,2016-06-02,97.83999633789062,96.62999725341797,97.5999984741211,97.72000122070312,40191600.0,94.78022003173828
460,2016-06-01,99.54000091552734,98.33000183105469,99.0199966430664,98.45999908447266,29173300.0,95.49796295166016
461,2016-05-31,100.4000015258789,98.81999969482422,99.5999984741211,99.86000061035156,42307200.0,96.85584259033203
462,2016-05-27,100.47000122070312,99.25,99.44000244140625,100.3499984741211,36229500.0,97.33109283447266
463,2016-05-26,100.7300033569336,98.63999938964844,99.68000030517578,100.41000366210938,56331200.0,97.38929748535156
464,2016-05-25,99.73999786376953,98.11000061035156,98.66999816894531,99.62000274658203,38168800.0,96.62305450439453
465,2016-05-24,98.08999633789062,96.83999633789062,97.22000122070312,97.9000015258789,35140200.0,94.95480346679688
466,2016-05-23,97.19000244140625,95.66999816894531,95.87000274658203,96.43000030517578,38018600.0,93.52901458740234
467,2016-05-20,95.43000030517578,94.5199966430664,94.63999938964844,95.22000122070312,32026000.0,92.35543823242188
468,2016-05-19,94.63999938964844,93.56999969482422,94.63999938964844,94.19999694824219,30442100.0,91.36610412597656
469,2016-05-18,95.20999908447266,93.88999938964844,94.16000366210938,94.55999755859375,42062400.0,91.71528625488281
470,2016-05-17,94.69999694824219,93.01000213623047,94.55000305175781,93.48999786376953,46916900.0,90.6774673461914
471,2016-05-16,94.38999938964844,91.6500015258789,92.38999938964844,93.87999725341797,61259800.0,91.05574035644531
472,2016-05-13,91.66999816894531,90.0,90.0,90.5199966430664,44392800.0,87.79682159423828
473,2016-05-12,92.77999877929688,89.47000122070312,92.72000122070312,90.33999633789062,76314700.0,87.62223052978516
474,2016-05-11,93.56999969482422,92.45999908447266,93.4800033569336,92.51000213623047,28719100.0,89.7269515991211
475,2016-05-10,93.56999969482422,92.11000061035156,93.33000183105469,93.41999816894531,33686800.0,90.60957336425781
476,2016-05-09,93.7699966430664,92.58999633789062,93.0,92.79000091552734,32936400.0,89.99852752685547
477,2016-05-06,93.44999694824219,91.8499984741211,93.37000274658203,92.72000122070312,43458200.0,89.93062591552734
478,2016-05-05,94.06999969482422,92.68000030517578,94.0,93.23999786376953,35890500.0,90.43498992919922
480,2016-05-04,95.9000015258789,93.81999969482422,95.19999694824219,94.19000244140625,41025500.0,90.8035659790039
481,2016-05-03,95.73999786376953,93.68000030517578,94.19999694824219,95.18000030517578,56831300.0,91.75796508789062
482,2016-05-02,94.08000183105469,92.4000015258789,93.97000122070312,93.63999938964844,48160100.0,90.2733383178711
483,2016-04-29,94.72000122070312,92.51000213623047,93.98999786376953,93.73999786376953,68531500.0,90.3697509765625
484,2016-04-28,97.87999725341797,94.25,97.61000061035156,94.83000183105469,82242700.0,91.42054748535156
485,2016-04-27,98.70999908447266,95.68000030517578,96.0,97.81999969482422,114602100.0,94.30305480957031
486,2016-04-26,105.30000305175781,103.91000366210938,103.91000366210938,104.3499984741211,56016200.0,100.5982666015625
487,2016-04-25,105.6500015258789,104.51000213623047,105.0,105.08000183105469,28031600.0,101.30203247070312
488,2016-04-22,106.4800033569336,104.62000274658203,105.01000213623047,105.68000030517578,33683100.0,101.88044738769531
489,2016-04-21,106.93000030517578,105.5199966430664,106.93000030517578,105.97000122070312,31552500.0,102.1600341796875
490,2016-04-20,108.08999633789062,106.05999755859375,106.63999938964844,107.12999725341797,30611000.0,103.27831268310547
491,2016-04-19,108.0,106.2300033569336,107.87999725341797,106.91000366210938,32384900.0,103.06623840332031
492,2016-04-18,108.94999694824219,106.94000244140625,108.88999938964844,107.4800033569336,60834000.0,103.61573028564453
493,2016-04-15,112.30000305175781,109.7300033569336,112.11000061035156,109.8499984741211,46939000.0,105.90052795410156
494,2016-04-14,112.38999938964844,111.33000183105469,111.62000274658203,112.0999984741211,25473900.0,108.06962585449219
495,2016-04-13,112.33999633789062,110.80000305175781,110.80000305175781,112.04000091552734,33257300.0,108.01179504394531
496,2016-04-12,110.5,108.66000366210938,109.33999633789062,110.44000244140625,27232300.0,106.46931457519531
497,2016-04-11,110.61000061035156,108.83000183105469,108.97000122070312,109.0199966430664,29407500.0,105.1003646850586
498,2016-04-08,109.7699966430664,108.16999816894531,108.91000366210938,108.66000366210938,23581700.0,104.75331115722656
499,2016-04-07,110.41999816894531,108.12000274658203,109.94999694824219,108.54000091552734,31801900.0,104.63764190673828
500,2016-04-06,110.9800033569336,109.19999694824219,110.2300033569336,110.95999908447266,26404100.0,106.97061920166016
501,2016-04-05,110.7300033569336,109.41999816894531,109.51000213623047,109.80999755859375,26578700.0,105.8619613647461
502,2016-04-04,112.19000244140625,110.2699966430664,110.41999816894531,111.12000274658203,37356200.0,107.12487030029297
503,2016-04-01,110.0,108.19999694824219,108.77999877929688,109.98999786376953,25874000.0,106.03549194335938
504,2016-03-31,109.9000015258789,108.87999725341797,109.72000122070312,108.98999786376953,25888400.0,105.07144927978516
505,2016-03-30,110.41999816894531,108.5999984741211,108.6500015258789,109.55999755859375,45601100.0,105.62096405029297
506,2016-03-29,107.79000091552734,104.87999725341797,104.88999938964844,107.68000030517578,31190100.0,103.80854797363281
507,2016-03-28,106.19000244140625,105.05999755859375,106.0,105.19000244140625,19411400.0,101.40807342529297
508,2016-03-24,106.25,104.88999938964844,105.47000122070312,105.66999816894531,26133000.0,101.87081146240234
509,2016-03-23,107.06999969482422,105.9000015258789,106.4800033569336,106.12999725341797,25703500.0,102.31427764892578
510,2016-03-22,107.29000091552734,105.20999908447266,105.25,106.72000122070312,32444400.0,102.883056640625
511,2016-03-21,107.6500015258789,105.13999938964844,105.93000030517578,105.91000366210938,35502700.0,102.10218811035156
512,2016-03-18,106.5,105.19000244140625,106.33999633789062,105.91999816894531,44205200.0,102.11183166503906
513,2016-03-17,106.47000122070312,104.95999908447266,105.5199966430664,105.80000305175781,34420700.0,101.99613952636719
514,2016-03-16,106.30999755859375,104.58999633789062,104.61000061035156,105.97000122070312,38303500.0,102.1600341796875
515,2016-03-15,105.18000030517578,103.8499984741211,103.95999908447266,104.58000183105469,40067700.0,100.82000732421875
516,2016-03-14,102.91000366210938,101.77999877929688,101.91000366210938,102.5199966430664,25076100.0,98.83406829833984
517,2016-03-11,102.27999877929688,101.5,102.23999786376953,102.26000213623047,27408200.0,98.58340454101562
518,2016-03-10,102.23999786376953,100.1500015258789,101.41000366210938,101.16999816894531,33513600.0,97.5325927734375
519,2016-03-09,101.58000183105469,100.2699966430664,101.30999755859375,101.12000274658203,27201700.0,97.48440551757812
520,2016-03-08,101.76000213623047,100.4000015258789,100.77999877929688,101.02999877929688,31561900.0,97.39762878417969
521,2016-03-07,102.83000183105469,100.95999908447266,102.38999938964844,101.87000274658203,35828900.0,98.20742797851562
522,2016-03-04,103.75,101.37000274658203,102.37000274658203,103.01000213623047,46055100.0,99.30644989013672
523,2016-03-03,101.70999908447266,100.44999694824219,100.58000183105469,101.5,36955700.0,97.85073852539062
524,2016-03-02,100.88999938964844,99.63999938964844,100.51000213623047,100.75,33169600.0,97.1277084350586
525,2016-03-01,100.7699966430664,97.41999816894531,97.6500015258789,100.52999877929688,50407100.0,96.91560363769531
526,2016-02-29,98.2300033569336,96.6500015258789,96.86000061035156,96.69000244140625,35216300.0,93.21368408203125
527,2016-02-26,98.0199966430664,96.58000183105469,97.19999694824219,96.91000366210938,28991100.0,93.42577362060547
528,2016-02-25,96.76000213623047,95.25,96.05000305175781,96.76000213623047,27582700.0,93.28116607666016
529,2016-02-24,96.37999725341797,93.31999969482422,93.9800033569336,96.0999984741211,36255700.0,92.64488983154297
530,2016-02-23,96.5,94.55000305175781,96.4000015258789,94.69000244140625,31942600.0,91.28558349609375
531,2016-02-22,96.9000015258789,95.91999816894531,96.30999755859375,96.87999725341797,34280800.0,93.39684295654297
532,2016-02-19,96.76000213623047,95.80000305175781,96.0,96.04000091552734,35374200.0,92.58705139160156
533,2016-02-18,98.88999938964844,96.08999633789062,98.83999633789062,96.26000213623047,39021000.0,92.79914093017578
534,2016-02-17,98.20999908447266,96.1500015258789,96.66999816894531,98.12000274658203,44863200.0,94.5922622680664
535,2016-02-16,96.8499984741211,94.61000061035156,95.0199966430664,96.63999938964844,49057900.0,93.16548156738281
536,2016-02-12,94.5,93.01000213623047,94.19000244140625,93.98999786376953,40351400.0,90.61075592041016
537,2016-02-11,94.72000122070312,92.58999633789062,93.79000091552734,93.69999694824219,50074700.0,90.33118438720703
538,2016-02-10,96.3499984741211,94.0999984741211,95.91999816894531,94.2699966430664,42343600.0,90.88069152832031
539,2016-02-09,95.94000244140625,93.93000030517578,94.29000091552734,94.98999786376953,44331200.0,91.57479095458984
540,2016-02-08,95.69999694824219,93.04000091552734,93.12999725341797,95.01000213623047,54021400.0,91.59407806396484
541,2016-02-05,96.91999816894531,93.69000244140625,96.5199966430664,94.0199966430664,46418100.0,90.6396713256836
542,2016-02-04,97.33000183105469,95.19000244140625,95.86000061035156,96.5999984741211,46471700.0,93.12690734863281
544,2016-02-03,96.83999633789062,94.08000183105469,95.0,96.3499984741211,45964300.0,92.38460540771484
545,2016-02-02,96.04000091552734,94.27999877929688,95.41999816894531,94.4800033569336,37357200.0,90.59156036376953
546,2016-02-01,96.70999908447266,95.4000015258789,96.47000122070312,96.43000030517578,40943500.0,92.46131134033203
547,2016-01-29,97.33999633789062,94.3499984741211,94.79000091552734,97.33999633789062,64416500.0,93.33384704589844
548,2016-01-28,94.5199966430664,92.38999938964844,93.79000091552734,94.08999633789062,55678800.0,90.21761322021484
549,2016-01-27,96.62999725341797,93.33999633789062,96.04000091552734,93.41999816894531,133369700.0,89.57518768310547
550,2016-01-26,100.87999725341797,98.06999969482422,99.93000030517578,99.98999786376953,75077000.0,95.87478637695312
551,2016-01-25,101.52999877929688,99.20999908447266,101.5199966430664,99.44000244140625,51794500.0,95.34741973876953
552,2016-01-22,101.45999908447266,98.37000274658203,98.62999725341797,101.41999816894531,65800500.0,97.24592590332031
553,2016-01-21,97.87999725341797,94.94000244140625,97.05999755859375,96.30000305175781,52161500.0,92.33666229248047
554,2016-01-20,98.19000244140625,93.41999816894531,95.0999984741211,96.79000091552734,72334400.0,92.8064956665039
555,2016-01-19,98.6500015258789,95.5,98.41000366210938,96.66000366210938,53087700.0,92.68183898925781
556,2016-01-15,97.70999908447266,95.36000061035156,96.19999694824219,97.12999725341797,79010000.0,93.13249206542969
557,2016-01-14,100.4800033569336,95.73999786376953,97.95999908447266,99.5199966430664,63170100.0,95.42411804199219
558,2016-01-13,101.19000244140625,97.30000305175781,100.31999969482422,97.38999938964844,62439600.0,93.38179779052734
559,2016-01-12,100.69000244140625,98.83999633789062,100.55000305175781,99.95999908447266,49154200.0,95.84601593017578
560,2016-01-11,99.05999755859375,97.33999633789062,98.97000122070312,98.52999877929688,49739400.0,94.4748764038086
561,2016-01-08,99.11000061035156,96.76000213623047,98.55000305175781,96.95999908447266,70798000.0,92.96949005126953
562,2016-01-07,100.12999725341797,96.43000030517578,98.68000030517578,96.44999694824219,81094400.0,92.48047637939453
563,2016-01-06,102.37000274658203,99.87000274658203,100.55999755859375,100.69999694824219,68457400.0,96.55557250976562
564,2016-01-05,105.8499984741211,102.41000366210938,105.75,102.70999908447266,55791000.0,98.48284149169922
565,2016-01-04,105.37000274658203,102.0,102.61000061035156,105.3499984741211,67649400.0,101.0141830444336
566,2015-12-31,107.02999877929688,104.81999969482422,107.01000213623047,105.26000213623047,40635300.0,100.92789459228516
